{
    "quant_bits": 12,
    "original": {
        "accuracy": 0.7288,
        "loss": 1.0315955993652344,
        "inference_time": {
            "avg_inference_time": 0.07569241762161255,
            "std_inference_time": 2.152724365436667e-05,
            "throughput": 13.211362926720268
        },
        "per_class_accuracies": [
            0.774,
            0.883,
            0.603,
            0.467,
            0.73,
            0.687,
            0.792,
            0.752,
            0.807,
            0.793
        ]
    },
    "quantized": {
        "accuracy": 0.7288,
        "loss": 1.0314331237792969,
        "inference_time": {
            "avg_inference_time": 0.08848080873489379,
            "std_inference_time": 1.3459825597761445e-05,
            "throughput": 11.301885847316338
        },
        "per_class_accuracies": [
            0.774,
            0.884,
            0.601,
            0.467,
            0.73,
            0.688,
            0.792,
            0.752,
            0.807,
            0.793
        ]
    },
    "differences": {
        "accuracy_diff": 0.0,
        "loss_diff": -0.000162475585937516,
        "speedup": 0.8554670634668607,
        "per_class_accuracy_diffs": [
            0.0,
            0.0010000000000000009,
            -0.0020000000000000018,
            0.0,
            0.0,
            0.0009999999999998899,
            0.0,
            0.0,
            0.0,
            0.0
        ]
    }
}