{
    "bit_depths": [
        4,
        8,
        12,
        16
    ],
    "accuracy": {
        "original": [
            0.7288,
            0.7288,
            0.7288,
            0.7288
        ],
        "quantized": [
            0.1767,
            0.7276,
            0.7288,
            0.729
        ],
        "difference": [
            0.5521,
            0.0011999999999999789,
            0.0,
            -0.00019999999999997797
        ]
    },
    "model_size": {
        "original": [
            330.2294006347656,
            330.2294006347656,
            330.2294006347656,
            330.2294006347656
        ],
        "quantized": [
            41.2786750793457,
            82.5573501586914,
            123.83602523803711,
            165.1147003173828
        ],
        "reduction_percent": [
            87.5,
            75.0,
            62.5,
            50.0
        ]
    },
    "inference_time": {
        "original": [
            0.07566345930099487,
            0.07567041397094726,
            0.07569241762161255,
            0.0756946873664856
        ],
        "quantized": [
            0.08847976207733155,
            0.08848478317260743,
            0.08848080873489379,
            0.08853055477142334
        ],
        "speedup": [
            0.8551498955757227,
            0.855179967196584,
            0.8554670634668607,
            0.8550120075709612
        ]
    },
    "throughput": {
        "original": [
            13.216419249639719,
            13.21520456309302,
            13.211362926720268,
            13.2109667770787
        ],
        "quantized": [
            11.302019541214378,
            11.301378204762035,
            11.301885847316338,
            11.295535226023329
        ],
        "improvement_percent": [
            -14.485010442427726,
            -14.482003280341605,
            -14.453293653313926,
            -14.498799242903882
        ]
    }
}