{
    "quant_bits": 4,
    "original": {
        "accuracy": 0.7288,
        "loss": 1.0315955993652344,
        "inference_time": {
            "avg_inference_time": 0.07566345930099487,
            "std_inference_time": 3.444148243504112e-05,
            "throughput": 13.216419249639719
        },
        "per_class_accuracies": [
            0.774,
            0.883,
            0.603,
            0.467,
            0.73,
            0.687,
            0.792,
            0.752,
            0.807,
            0.793
        ]
    },
    "quantized": {
        "accuracy": 0.1767,
        "loss": 2.9493419692993164,
        "inference_time": {
            "avg_inference_time": 0.08847976207733155,
            "std_inference_time": 2.698306374286573e-05,
            "throughput": 11.302019541214378
        },
        "per_class_accuracies": [
            0.265,
            0.026,
            0.723,
            0.346,
            0.06,
            0.053,
            0.247,
            0.005,
            0.03,
            0.012
        ]
    },
    "differences": {
        "accuracy_diff": -0.5521,
        "loss_diff": 1.917746369934082,
        "speedup": 0.8551498955757227,
        "per_class_accuracy_diffs": [
            -0.509,
            -0.857,
            0.12,
            -0.12100000000000005,
            -0.6699999999999999,
            -0.634,
            -0.545,
            -0.747,
            -0.777,
            -0.781
        ]
    }
}