{
    "quant_bits": 16,
    "original": {
        "accuracy": 0.7288,
        "loss": 1.0315955993652344,
        "inference_time": {
            "avg_inference_time": 0.0756946873664856,
            "std_inference_time": 1.5828711814911466e-05,
            "throughput": 13.2109667770787
        },
        "per_class_accuracies": [
            0.774,
            0.883,
            0.603,
            0.467,
            0.73,
            0.687,
            0.792,
            0.752,
            0.807,
            0.793
        ]
    },
    "quantized": {
        "accuracy": 0.729,
        "loss": 1.0315894742965699,
        "inference_time": {
            "avg_inference_time": 0.08853055477142334,
            "std_inference_time": 1.9792126170887e-05,
            "throughput": 11.295535226023329
        },
        "per_class_accuracies": [
            0.774,
            0.883,
            0.603,
            0.467,
            0.73,
            0.688,
            0.792,
            0.752,
            0.807,
            0.794
        ]
    },
    "differences": {
        "accuracy_diff": 0.00019999999999997797,
        "loss_diff": -6.125068664486477e-06,
        "speedup": 0.8550120075709612,
        "per_class_accuracy_diffs": [
            0.0,
            0.0,
            0.0,
            0.0,
            0.0,
            0.0009999999999998899,
            0.0,
            0.0,
            0.0,
            0.0010000000000000009
        ]
    }
}