{
    "quant_bits": 8,
    "original": {
        "accuracy": 0.7288,
        "loss": 1.0315955993652344,
        "inference_time": {
            "avg_inference_time": 0.07567041397094726,
            "std_inference_time": 1.576446578037282e-05,
            "throughput": 13.21520456309302
        },
        "per_class_accuracies": [
            0.774,
            0.883,
            0.603,
            0.467,
            0.73,
            0.687,
            0.792,
            0.752,
            0.807,
            0.793
        ]
    },
    "quantized": {
        "accuracy": 0.7276,
        "loss": 1.0294498866081239,
        "inference_time": {
            "avg_inference_time": 0.08848478317260743,
            "std_inference_time": 1.4329717460400334e-05,
            "throughput": 11.301378204762035
        },
        "per_class_accuracies": [
            0.771,
            0.886,
            0.61,
            0.476,
            0.726,
            0.682,
            0.791,
            0.741,
            0.802,
            0.791
        ]
    },
    "differences": {
        "accuracy_diff": -0.0011999999999999789,
        "loss_diff": -0.0021457127571105072,
        "speedup": 0.855179967196584,
        "per_class_accuracy_diffs": [
            -0.0030000000000000027,
            0.0030000000000000027,
            0.007000000000000006,
            0.008999999999999952,
            -0.0040000000000000036,
            -0.0050000000000000044,
            -0.0010000000000000009,
            -0.01100000000000001,
            -0.0050000000000000044,
            -0.0020000000000000018
        ]
    }
}